Reference, Value, Footprint, Datasheet, Caracteristic, Manufacturer, Ref Manufacturer
P1,CONN_01X19,Echopen:Header_pin_1x19,,Angled pin header 1*19,Molex,22-28-8192
P3,CONN_01X08,Echopen:Socket_Strip_Straight_1x08,,angled socket 1*08,Molex,22-15-2086
P4,SMA,Echopen:SMA,,NA,Johnson / Cinch Connectivity Solutions,142-0701-801
P2,CONN_01X02,Echopen:Socket_1x02,,angled socket 1*02,Molex,22-15-2026
P5,CONN_01X02,Echopen:Socket_1x02,,angled socket 1*02,Molex,22-15-2026
P7,SMA,Echopen:SMA,,NA,Johnson / Cinch Connectivity Solutions,142-0701-801
P6,CONN_01X02,Echopen:Socket_1x02,,angled socket 1*02,Molex,22-15-2026
P8,SMA,Echopen:SMA,,NA,Johnson / Cinch Connectivity Solutions,142-0701-801
33u(150V),CP,Echopen:CP_TH_common,,150V 20%,Lelon,REA330M2CBK-1320P
